datetime,Previsi√≥n diaria D+1 demanda
2019-01-01 00:00:00+00:00,554520.0
2019-01-02 00:00:00+00:00,708859.0
2019-01-03 00:00:00+00:00,770397.0
2019-01-04 00:00:00+00:00,752240.0
2019-01-05 00:00:00+00:00,673904.0
2019-01-06 00:00:00+00:00,622977.0
2019-01-07 00:00:00+00:00,716848.0
2019-01-08 00:00:00+00:00,790752.0
2019-01-09 00:00:00+00:00,799745.0
2019-01-10 00:00:00+00:00,815471.0
2019-01-11 00:00:00+00:00,818191.0
2019-01-12 00:00:00+00:00,739401.0
2019-01-13 00:00:00+00:00,676060.0
2019-01-14 00:00:00+00:00,794505.0
2019-01-15 00:00:00+00:00,820356.0
2019-01-16 00:00:00+00:00,810327.0
2019-01-17 00:00:00+00:00,816373.0
2019-01-18 00:00:00+00:00,810132.0
2019-01-19 00:00:00+00:00,729740.0
2019-01-20 00:00:00+00:00,676160.0
2019-01-21 00:00:00+00:00,794470.0
2019-01-22 00:00:00+00:00,823618.0
2019-01-23 00:00:00+00:00,816301.0
2019-01-24 00:00:00+00:00,804314.0
2019-01-25 00:00:00+00:00,783332.0
2019-01-26 00:00:00+00:00,701948.0
2019-01-27 00:00:00+00:00,648129.0
2019-01-28 00:00:00+00:00,769829.0
2019-01-29 00:00:00+00:00,795736.0
2019-01-30 00:00:00+00:00,792273.0
2019-01-31 00:00:00+00:00,776591.0
2019-02-01 00:00:00+00:00,770437.0
2019-02-02 00:00:00+00:00,699808.0
2019-02-03 00:00:00+00:00,673279.0
2019-02-04 00:00:00+00:00,794564.0
2019-02-05 00:00:00+00:00,802594.0
2019-02-06 00:00:00+00:00,784111.0
2019-02-07 00:00:00+00:00,776479.0
2019-02-08 00:00:00+00:00,763252.0
2019-02-09 00:00:00+00:00,683988.0
2019-02-10 00:00:00+00:00,630041.0
2019-02-11 00:00:00+00:00,754507.0
2019-02-12 00:00:00+00:00,775341.0
2019-02-13 00:00:00+00:00,768365.0
2019-02-14 00:00:00+00:00,762365.0
2019-02-15 00:00:00+00:00,751561.0
2019-02-16 00:00:00+00:00,669695.0
2019-02-17 00:00:00+00:00,623261.0
2019-02-18 00:00:00+00:00,740160.0
2019-02-19 00:00:00+00:00,760238.0
2019-02-20 00:00:00+00:00,755041.0
2019-02-21 00:00:00+00:00,741571.0
2019-02-22 00:00:00+00:00,732599.0
2019-02-23 00:00:00+00:00,650816.0
2019-02-24 00:00:00+00:00,603904.0
2019-02-25 00:00:00+00:00,716400.0
2019-02-26 00:00:00+00:00,728334.0
2019-02-27 00:00:00+00:00,720022.0
2019-02-28 00:00:00+00:00,698838.0
2019-03-01 00:00:00+00:00,706766.0
2019-03-02 00:00:00+00:00,637266.0
2019-03-03 00:00:00+00:00,592323.0
2019-03-04 00:00:00+00:00,694724.0
2019-03-05 00:00:00+00:00,696494.0
2019-03-06 00:00:00+00:00,714260.0
2019-03-07 00:00:00+00:00,725734.0
2019-03-08 00:00:00+00:00,729651.0
2019-03-09 00:00:00+00:00,636988.0
2019-03-10 00:00:00+00:00,587594.0
2019-03-11 00:00:00+00:00,696271.0
2019-03-12 00:00:00+00:00,704179.0
2019-03-13 00:00:00+00:00,711823.0
2019-03-14 00:00:00+00:00,714937.0
2019-03-15 00:00:00+00:00,702149.0
2019-03-16 00:00:00+00:00,622473.0
2019-03-17 00:00:00+00:00,578604.0
2019-03-18 00:00:00+00:00,683830.0
2019-03-19 00:00:00+00:00,679320.0
2019-03-20 00:00:00+00:00,711194.0
2019-03-21 00:00:00+00:00,716329.0
2019-03-22 00:00:00+00:00,699172.0
2019-03-23 00:00:00+00:00,628595.0
2019-03-24 00:00:00+00:00,580439.0
2019-03-25 00:00:00+00:00,676437.0
2019-03-26 00:00:00+00:00,695590.0
2019-03-27 00:00:00+00:00,702763.0
2019-03-28 00:00:00+00:00,699555.0
2019-03-29 00:00:00+00:00,694139.0
2019-03-30 00:00:00+00:00,622943.0
2019-03-31 00:00:00+00:00,558834.0
2019-03-31 23:00:00+00:00,683512.0
2019-04-01 23:00:00+00:00,704646.0
2019-04-02 23:00:00+00:00,709335.0
2019-04-03 23:00:00+00:00,716310.0
2019-04-04 23:00:00+00:00,715407.0
2019-04-05 23:00:00+00:00,647006.0
2019-04-06 23:00:00+00:00,600888.0
2019-04-07 23:00:00+00:00,698951.0
2019-04-08 23:00:00+00:00,720985.0
2019-04-09 23:00:00+00:00,718635.0
2019-04-10 23:00:00+00:00,718159.0
2019-04-11 23:00:00+00:00,708990.0
2019-04-12 23:00:00+00:00,628330.0
2019-04-13 23:00:00+00:00,575695.0
2019-04-14 23:00:00+00:00,669232.0
2019-04-15 23:00:00+00:00,675103.0
2019-04-16 23:00:00+00:00,663347.0
2019-04-17 23:00:00+00:00,585454.0
2019-04-18 23:00:00+00:00,538411.0
2019-04-19 23:00:00+00:00,565301.0
2019-04-20 23:00:00+00:00,542034.0
2019-04-21 23:00:00+00:00,585798.0
2019-04-22 23:00:00+00:00,672101.0
2019-04-23 23:00:00+00:00,684685.0
2019-04-24 23:00:00+00:00,694477.0
2019-04-25 23:00:00+00:00,694762.0
2019-04-26 23:00:00+00:00,615147.0
2019-04-27 23:00:00+00:00,562328.0
2019-04-28 23:00:00+00:00,649388.0
2019-04-29 23:00:00+00:00,660008.0
2019-04-30 23:00:00+00:00,545372.0
2019-05-01 23:00:00+00:00,632381.0
2019-05-02 23:00:00+00:00,651014.0
2019-05-03 23:00:00+00:00,584380.0
2019-05-04 23:00:00+00:00,549654.0
2019-05-05 23:00:00+00:00,657703.0
2019-05-06 23:00:00+00:00,671204.0
2019-05-07 23:00:00+00:00,677713.0
2019-05-08 23:00:00+00:00,677346.0
2019-05-09 23:00:00+00:00,679826.0
2019-05-10 23:00:00+00:00,605451.0
2019-05-11 23:00:00+00:00,552091.0
2019-05-12 23:00:00+00:00,658610.0
2019-05-13 23:00:00+00:00,670546.0
2019-05-14 23:00:00+00:00,675363.0
2019-05-15 23:00:00+00:00,685900.0
2019-05-16 23:00:00+00:00,662039.0
2019-05-17 23:00:00+00:00,597480.0
2019-05-18 23:00:00+00:00,547994.0
2019-05-19 23:00:00+00:00,653140.0
2019-05-20 23:00:00+00:00,671401.0
2019-05-21 23:00:00+00:00,677910.0
2019-05-22 23:00:00+00:00,681145.0
2019-05-23 23:00:00+00:00,670531.0
2019-05-24 23:00:00+00:00,595856.0
2019-05-25 23:00:00+00:00,552753.0
2019-05-26 23:00:00+00:00,660515.0
2019-05-27 23:00:00+00:00,674327.0
2019-05-28 23:00:00+00:00,681589.0
2019-05-29 23:00:00+00:00,685880.0
2019-05-30 23:00:00+00:00,686143.0
2019-05-31 23:00:00+00:00,619787.0
2019-06-01 23:00:00+00:00,581437.0
2019-06-02 23:00:00+00:00,690653.0
2019-06-03 23:00:00+00:00,697557.0
2019-06-04 23:00:00+00:00,689022.0
2019-06-05 23:00:00+00:00,675400.0
2019-06-06 23:00:00+00:00,668251.0
2019-06-07 23:00:00+00:00,595214.0
2019-06-08 23:00:00+00:00,558842.0
2019-06-09 23:00:00+00:00,645167.0
2019-06-10 23:00:00+00:00,678101.0
2019-06-11 23:00:00+00:00,676369.0
2019-06-12 23:00:00+00:00,679964.0
2019-06-13 23:00:00+00:00,678231.0
2019-06-14 23:00:00+00:00,606694.0
2019-06-15 23:00:00+00:00,565729.0
2019-06-16 23:00:00+00:00,688781.0
2019-06-17 23:00:00+00:00,704321.0
2019-06-18 23:00:00+00:00,708685.0
2019-06-19 23:00:00+00:00,687153.0
2019-06-20 23:00:00+00:00,686426.0
2019-06-21 23:00:00+00:00,621996.0
2019-06-22 23:00:00+00:00,585923.0
2019-06-23 23:00:00+00:00,662405.0
2019-06-24 23:00:00+00:00,710241.0
2019-06-25 23:00:00+00:00,740338.0
2019-06-26 23:00:00+00:00,765157.0
2019-06-27 23:00:00+00:00,768194.0
2019-06-28 23:00:00+00:00,697403.0
2019-06-29 23:00:00+00:00,641423.0
2019-06-30 23:00:00+00:00,759754.0
2019-07-01 23:00:00+00:00,764385.0
2019-07-02 23:00:00+00:00,768968.0
2019-07-03 23:00:00+00:00,771885.0
2019-07-04 23:00:00+00:00,763173.0
2019-07-05 23:00:00+00:00,692848.0
2019-07-06 23:00:00+00:00,636435.0
2019-07-07 23:00:00+00:00,747639.0
2019-07-08 23:00:00+00:00,758401.0
2019-07-09 23:00:00+00:00,743105.0
2019-07-10 23:00:00+00:00,756881.0
2019-07-11 23:00:00+00:00,771223.0
2019-07-12 23:00:00+00:00,696758.0
2019-07-13 23:00:00+00:00,631107.0
2019-07-14 23:00:00+00:00,750702.0
2019-07-15 23:00:00+00:00,759174.0
2019-07-16 23:00:00+00:00,763012.0
2019-07-17 23:00:00+00:00,759196.0
2019-07-18 23:00:00+00:00,759496.0
2019-07-19 23:00:00+00:00,697436.0
2019-07-20 23:00:00+00:00,646982.0
2019-07-21 23:00:00+00:00,779769.0
2019-07-22 23:00:00+00:00,810291.0
2019-07-23 23:00:00+00:00,812130.0
2019-07-24 23:00:00+00:00,790145.0
2019-07-25 23:00:00+00:00,774641.0
2019-07-26 23:00:00+00:00,671703.0
2019-07-27 23:00:00+00:00,606636.0
2019-07-28 23:00:00+00:00,719475.0
2019-07-29 23:00:00+00:00,734233.0
2019-07-30 23:00:00+00:00,730613.0
2019-07-31 23:00:00+00:00,735082.0
2019-08-01 23:00:00+00:00,738042.0
2019-08-02 23:00:00+00:00,665891.0
2019-08-03 23:00:00+00:00,618539.0
2019-08-04 23:00:00+00:00,721438.0
2019-08-05 23:00:00+00:00,735504.0
2019-08-06 23:00:00+00:00,743036.0
2019-08-07 23:00:00+00:00,750431.0
2019-08-08 23:00:00+00:00,746857.0
2019-08-09 23:00:00+00:00,668937.0
2019-08-10 23:00:00+00:00,608270.0
2019-08-11 23:00:00+00:00,685993.0
2019-08-12 23:00:00+00:00,680050.0
2019-08-13 23:00:00+00:00,675476.0
2019-08-14 23:00:00+00:00,611943.0
2019-08-15 23:00:00+00:00,664273.0
2019-08-16 23:00:00+00:00,650968.0
2019-08-17 23:00:00+00:00,609312.0
2019-08-18 23:00:00+00:00,689966.0
2019-08-19 23:00:00+00:00,706347.0
2019-08-20 23:00:00+00:00,702932.0
2019-08-21 23:00:00+00:00,705783.0
2019-08-22 23:00:00+00:00,707848.0
2019-08-23 23:00:00+00:00,647518.0
2019-08-24 23:00:00+00:00,603890.0
2019-08-25 23:00:00+00:00,714650.0
2019-08-26 23:00:00+00:00,720808.0
2019-08-27 23:00:00+00:00,721919.0
2019-08-28 23:00:00+00:00,725212.0
2019-08-29 23:00:00+00:00,737039.0
2019-08-30 23:00:00+00:00,668791.0
2019-08-31 23:00:00+00:00,613757.0
2019-09-01 23:00:00+00:00,725917.0
2019-09-02 23:00:00+00:00,737106.0
2019-09-03 23:00:00+00:00,748141.0
2019-09-04 23:00:00+00:00,740784.0
2019-09-05 23:00:00+00:00,719566.0
2019-09-06 23:00:00+00:00,630717.0
2019-09-07 23:00:00+00:00,583214.0
2019-09-08 23:00:00+00:00,688454.0
2019-09-09 23:00:00+00:00,705930.0
2019-09-10 23:00:00+00:00,678413.0
2019-09-11 23:00:00+00:00,694564.0
2019-09-12 23:00:00+00:00,689412.0
2019-09-13 23:00:00+00:00,612141.0
2019-09-14 23:00:00+00:00,564404.0
2019-09-15 23:00:00+00:00,679612.0
2019-09-16 23:00:00+00:00,698269.0
2019-09-17 23:00:00+00:00,704904.0
2019-09-18 23:00:00+00:00,698927.0
2019-09-19 23:00:00+00:00,695942.0
2019-09-20 23:00:00+00:00,616727.0
2019-09-21 23:00:00+00:00,563894.0
2019-09-22 23:00:00+00:00,669782.0
2019-09-23 23:00:00+00:00,676875.0
2019-09-24 23:00:00+00:00,692868.0
2019-09-25 23:00:00+00:00,696927.0
2019-09-26 23:00:00+00:00,692210.0
2019-09-27 23:00:00+00:00,617489.0
2019-09-28 23:00:00+00:00,574365.0
2019-09-29 23:00:00+00:00,686253.0
2019-09-30 23:00:00+00:00,698160.0
2019-10-01 23:00:00+00:00,690086.0
2019-10-02 23:00:00+00:00,684551.0
2019-10-03 23:00:00+00:00,677801.0
2019-10-04 23:00:00+00:00,600289.0
2019-10-05 23:00:00+00:00,555959.0
2019-10-06 23:00:00+00:00,666000.0
2019-10-07 23:00:00+00:00,691062.0
2019-10-08 23:00:00+00:00,671505.0
2019-10-09 23:00:00+00:00,681261.0
2019-10-10 23:00:00+00:00,680455.0
2019-10-11 23:00:00+00:00,592593.0
2019-10-12 23:00:00+00:00,560886.0
2019-10-13 23:00:00+00:00,657310.0
2019-10-14 23:00:00+00:00,666715.0
2019-10-15 23:00:00+00:00,671776.0
2019-10-16 23:00:00+00:00,673099.0
2019-10-17 23:00:00+00:00,667529.0
2019-10-18 23:00:00+00:00,594472.0
2019-10-19 23:00:00+00:00,548954.0
2019-10-20 23:00:00+00:00,666032.0
2019-10-21 23:00:00+00:00,681958.0
2019-10-22 23:00:00+00:00,690558.0
2019-10-23 23:00:00+00:00,684841.0
2019-10-24 23:00:00+00:00,677082.0
2019-10-25 23:00:00+00:00,606067.0
2019-10-26 23:00:00+00:00,574501.0
2019-10-28 00:00:00+00:00,661491.0
2019-10-29 00:00:00+00:00,679453.0
2019-10-30 00:00:00+00:00,680097.0
2019-10-31 00:00:00+00:00,675821.0
2019-11-01 00:00:00+00:00,582832.0
2019-11-02 00:00:00+00:00,583428.0
2019-11-03 00:00:00+00:00,548109.0
2019-11-04 00:00:00+00:00,661471.0
2019-11-05 00:00:00+00:00,682587.0
2019-11-06 00:00:00+00:00,691489.0
2019-11-07 00:00:00+00:00,698244.0
2019-11-08 00:00:00+00:00,703269.0
2019-11-09 00:00:00+00:00,632944.0
2019-11-10 00:00:00+00:00,595276.0
2019-11-11 00:00:00+00:00,707666.0
2019-11-12 00:00:00+00:00,731411.0
2019-11-13 00:00:00+00:00,729313.0
2019-11-14 00:00:00+00:00,739953.0
2019-11-15 00:00:00+00:00,749480.0
2019-11-16 00:00:00+00:00,685043.0
2019-11-17 00:00:00+00:00,626907.0
2019-11-18 00:00:00+00:00,745469.0
2019-11-19 00:00:00+00:00,771064.0
2019-11-20 00:00:00+00:00,778803.0
2019-11-21 00:00:00+00:00,773416.0
2019-11-22 00:00:00+00:00,756949.0
2019-11-23 00:00:00+00:00,676780.0
2019-11-24 00:00:00+00:00,618720.0
2019-11-25 00:00:00+00:00,719387.0
2019-11-26 00:00:00+00:00,739675.0
2019-11-27 00:00:00+00:00,739250.0
2019-11-28 00:00:00+00:00,737053.0
2019-11-29 00:00:00+00:00,724742.0
2019-11-30 00:00:00+00:00,641047.0
2019-12-01 00:00:00+00:00,607808.0
2019-12-02 00:00:00+00:00,732672.0
2019-12-03 00:00:00+00:00,761768.0
2019-12-04 00:00:00+00:00,758472.0
2019-12-05 00:00:00+00:00,750902.0
2019-12-06 00:00:00+00:00,651346.0
2019-12-07 00:00:00+00:00,639131.0
2019-12-08 00:00:00+00:00,608562.0
2019-12-09 00:00:00+00:00,668612.0
2019-12-10 00:00:00+00:00,746783.0
2019-12-11 00:00:00+00:00,756695.0
2019-12-12 00:00:00+00:00,765039.0
2019-12-13 00:00:00+00:00,742207.0
2019-12-14 00:00:00+00:00,661639.0
2019-12-15 00:00:00+00:00,609221.0
2019-12-16 00:00:00+00:00,736420.0
2019-12-17 00:00:00+00:00,756393.0
2019-12-18 00:00:00+00:00,756189.0
2019-12-19 00:00:00+00:00,749923.0
2019-12-20 00:00:00+00:00,729514.0
2019-12-21 00:00:00+00:00,636581.0
2019-12-22 00:00:00+00:00,586836.0
2019-12-23 00:00:00+00:00,660816.0
2019-12-24 00:00:00+00:00,583657.0
2019-12-25 00:00:00+00:00,501204.0
2019-12-26 00:00:00+00:00,609150.0
2019-12-27 00:00:00+00:00,638446.0
2019-12-28 00:00:00+00:00,593284.0
2019-12-29 00:00:00+00:00,577433.0
2019-12-30 00:00:00+00:00,651955.0
2019-12-31 00:00:00+00:00,619922.0
2020-01-01 00:00:00+00:00,543870.0
2020-01-02 00:00:00+00:00,689626.0
2020-01-03 00:00:00+00:00,723418.0
2020-01-04 00:00:00+00:00,658467.0
2020-01-05 00:00:00+00:00,614701.0
2020-01-06 00:00:00+00:00,581820.0
2020-01-07 00:00:00+00:00,738512.0
2020-01-08 00:00:00+00:00,762446.0
2020-01-09 00:00:00+00:00,771860.0
2020-01-10 00:00:00+00:00,770948.0
2020-01-11 00:00:00+00:00,698391.0
2020-01-12 00:00:00+00:00,655294.0
2020-01-13 00:00:00+00:00,786618.0
2020-01-14 00:00:00+00:00,808059.0
2020-01-15 00:00:00+00:00,803793.0
2020-01-16 00:00:00+00:00,780075.0
2020-01-17 00:00:00+00:00,769605.0
2020-01-18 00:00:00+00:00,698939.0
2020-01-19 00:00:00+00:00,661550.0
2020-01-20 00:00:00+00:00,782661.0
2020-01-21 00:00:00+00:00,812820.0
2020-01-22 00:00:00+00:00,802889.0
2020-01-23 00:00:00+00:00,799686.0
2020-01-24 00:00:00+00:00,785614.0
2020-01-25 00:00:00+00:00,705773.0
2020-01-26 00:00:00+00:00,647700.0
2020-01-27 00:00:00+00:00,769278.0
2020-01-28 00:00:00+00:00,772380.0
2020-01-29 00:00:00+00:00,763094.0
2020-01-30 00:00:00+00:00,752741.0
2020-01-31 00:00:00+00:00,730425.0
2020-02-01 00:00:00+00:00,646629.0
2020-02-02 00:00:00+00:00,595979.0
2020-02-03 00:00:00+00:00,702464.0
2020-02-04 00:00:00+00:00,717323.0
2020-02-05 00:00:00+00:00,731565.0
2020-02-06 00:00:00+00:00,737370.0
2020-02-07 00:00:00+00:00,731835.0
2020-02-08 00:00:00+00:00,663818.0
2020-02-09 00:00:00+00:00,612737.0
2020-02-10 00:00:00+00:00,715790.0
2020-02-11 00:00:00+00:00,734483.0
2020-02-12 00:00:00+00:00,724908.0
2020-02-13 00:00:00+00:00,721695.0
2020-02-14 00:00:00+00:00,717352.0
2020-02-15 00:00:00+00:00,643674.0
2020-02-16 00:00:00+00:00,594647.0
2020-02-17 00:00:00+00:00,704587.0
2020-02-18 00:00:00+00:00,733890.0
2020-02-19 00:00:00+00:00,738430.0
2020-02-20 00:00:00+00:00,736069.0
2020-02-21 00:00:00+00:00,724903.0
2020-02-22 00:00:00+00:00,644710.0
2020-02-23 00:00:00+00:00,593621.0
2020-02-24 00:00:00+00:00,696450.0
2020-02-25 00:00:00+00:00,715034.0
2020-02-26 00:00:00+00:00,710218.0
2020-02-27 00:00:00+00:00,709370.0
2020-02-28 00:00:00+00:00,687515.0
2020-02-29 00:00:00+00:00,625057.0
2020-03-01 00:00:00+00:00,583304.0
2020-03-02 00:00:00+00:00,697531.0
2020-03-03 00:00:00+00:00,715321.0
2020-03-04 00:00:00+00:00,719586.0
2020-03-05 00:00:00+00:00,709525.0
2020-03-06 00:00:00+00:00,719084.0
2020-03-07 00:00:00+00:00,646699.0
2020-03-08 00:00:00+00:00,604044.0
2020-03-09 00:00:00+00:00,707345.0
2020-03-10 00:00:00+00:00,715730.0
2020-03-11 00:00:00+00:00,702212.0
2020-03-12 00:00:00+00:00,700566.0
2020-03-13 00:00:00+00:00,689761.0
2020-03-14 00:00:00+00:00,621451.0
2020-03-15 00:00:00+00:00,571847.0
2020-03-16 00:00:00+00:00,688975.0
2020-03-17 00:00:00+00:00,692604.0
2020-03-18 00:00:00+00:00,675175.0
2020-03-19 00:00:00+00:00,623198.0
2020-03-20 00:00:00+00:00,629617.0
2020-03-21 00:00:00+00:00,574880.0
2020-03-22 00:00:00+00:00,547936.0
2020-03-23 00:00:00+00:00,655582.0
2020-03-24 00:00:00+00:00,643742.0
2020-03-25 00:00:00+00:00,642531.0
2020-03-26 00:00:00+00:00,642783.0
2020-03-27 00:00:00+00:00,640742.0
2020-03-28 00:00:00+00:00,577579.0
2020-03-29 00:00:00+00:00,515571.0
2020-03-29 23:00:00+00:00,637498.0
2020-03-30 23:00:00+00:00,614937.0
2020-03-31 23:00:00+00:00,600955.0
2020-04-01 23:00:00+00:00,593144.0
2020-04-02 23:00:00+00:00,581126.0
2020-04-03 23:00:00+00:00,509508.0
2020-04-04 23:00:00+00:00,475580.0
2020-04-05 23:00:00+00:00,552904.0
2020-04-06 23:00:00+00:00,544114.0
2020-04-07 23:00:00+00:00,527377.0
2020-04-08 23:00:00+00:00,476039.0
2020-04-09 23:00:00+00:00,422594.0
2020-04-10 23:00:00+00:00,498322.0
2020-04-11 23:00:00+00:00,477921.0
2020-04-12 23:00:00+00:00,498992.0
2020-04-13 23:00:00+00:00,574457.0
2020-04-14 23:00:00+00:00,580516.0
2020-04-15 23:00:00+00:00,583035.0
2020-04-16 23:00:00+00:00,583148.0
2020-04-17 23:00:00+00:00,516926.0
2020-04-18 23:00:00+00:00,489170.0
2020-04-19 23:00:00+00:00,570462.0
2020-04-20 23:00:00+00:00,565318.0
2020-04-21 23:00:00+00:00,575882.0
2020-04-22 23:00:00+00:00,563201.0
2020-04-23 23:00:00+00:00,579366.0
2020-04-24 23:00:00+00:00,518744.0
2020-04-25 23:00:00+00:00,486532.0
2020-04-26 23:00:00+00:00,567523.0
2020-04-27 23:00:00+00:00,570695.0
2020-04-28 23:00:00+00:00,574925.0
2020-04-29 23:00:00+00:00,582850.0
2020-04-30 23:00:00+00:00,495486.0
2020-05-01 23:00:00+00:00,490330.0
2020-05-02 23:00:00+00:00,499906.0
2020-05-03 23:00:00+00:00,576876.0
2020-05-04 23:00:00+00:00,571232.0
2020-05-05 23:00:00+00:00,581458.0
2020-05-06 23:00:00+00:00,586829.0
2020-05-07 23:00:00+00:00,584093.0
2020-05-08 23:00:00+00:00,516849.0
2020-05-09 23:00:00+00:00,476477.0
2020-05-10 23:00:00+00:00,556500.0
2020-05-11 23:00:00+00:00,567074.0
2020-05-12 23:00:00+00:00,579031.0
2020-05-13 23:00:00+00:00,579818.0
2020-05-14 23:00:00+00:00,570467.0
2020-05-15 23:00:00+00:00,525572.0
2020-05-16 23:00:00+00:00,486867.0
2020-05-17 23:00:00+00:00,569019.0
2020-05-18 23:00:00+00:00,587933.0
2020-05-19 23:00:00+00:00,594002.0
2020-05-20 23:00:00+00:00,606411.0
2020-05-21 23:00:00+00:00,601275.0
2020-05-22 23:00:00+00:00,546755.0
2020-05-23 23:00:00+00:00,505858.0
2020-05-24 23:00:00+00:00,599445.0
2020-05-25 23:00:00+00:00,609494.0
2020-05-26 23:00:00+00:00,616052.0
2020-05-27 23:00:00+00:00,623952.0
2020-05-28 23:00:00+00:00,620045.0
2020-05-29 23:00:00+00:00,560223.0
2020-05-30 23:00:00+00:00,522471.0
2020-05-31 23:00:00+00:00,598487.0
2020-06-01 23:00:00+00:00,615262.0
2020-06-02 23:00:00+00:00,623551.0
2020-06-03 23:00:00+00:00,612930.0
2020-06-04 23:00:00+00:00,611649.0
2020-06-05 23:00:00+00:00,544853.0
2020-06-06 23:00:00+00:00,509706.0
2020-06-07 23:00:00+00:00,589413.0
2020-06-08 23:00:00+00:00,598924.0
2020-06-09 23:00:00+00:00,607273.0
2020-06-10 23:00:00+00:00,604681.0
2020-06-11 23:00:00+00:00,607091.0
2020-06-12 23:00:00+00:00,557495.0
2020-06-13 23:00:00+00:00,522644.0
2020-06-14 23:00:00+00:00,607196.0
2020-06-15 23:00:00+00:00,623829.0
2020-06-16 23:00:00+00:00,626993.0
2020-06-17 23:00:00+00:00,626969.0
2020-06-18 23:00:00+00:00,627205.0
2020-06-19 23:00:00+00:00,571294.0
2020-06-20 23:00:00+00:00,547965.0
2020-06-21 23:00:00+00:00,652276.0
2020-06-22 23:00:00+00:00,676535.0
2020-06-23 23:00:00+00:00,648194.0
2020-06-24 23:00:00+00:00,677753.0
2020-06-25 23:00:00+00:00,673260.0
2020-06-26 23:00:00+00:00,607053.0
2020-06-27 23:00:00+00:00,569117.0
2020-06-28 23:00:00+00:00,669728.0
2020-06-29 23:00:00+00:00,599432.0
2020-06-30 23:00:00+00:00,711712.0
2020-07-01 23:00:00+00:00,712059.0
2020-07-02 23:00:00+00:00,700798.0
2020-07-03 23:00:00+00:00,628596.0
2020-07-04 23:00:00+00:00,602373.0
2020-07-05 23:00:00+00:00,702788.0
2020-07-06 23:00:00+00:00,731820.0
2020-07-07 23:00:00+00:00,743349.0
2020-07-08 23:00:00+00:00,751177.0
2020-07-09 23:00:00+00:00,724529.0
2020-07-10 23:00:00+00:00,648343.0
2020-07-11 23:00:00+00:00,608088.0
2020-07-12 23:00:00+00:00,718399.0
2020-07-13 23:00:00+00:00,724510.0
2020-07-14 23:00:00+00:00,719691.0
2020-07-15 23:00:00+00:00,717471.0
2020-07-16 23:00:00+00:00,720673.0
2020-07-17 23:00:00+00:00,653856.0
2020-07-18 23:00:00+00:00,613431.0
2020-07-19 23:00:00+00:00,733403.0
2020-07-20 23:00:00+00:00,747445.0
2020-07-21 23:00:00+00:00,749478.0
2020-07-22 23:00:00+00:00,747937.0
2020-07-23 23:00:00+00:00,742773.0
2020-07-24 23:00:00+00:00,663538.0
2020-07-25 23:00:00+00:00,626689.0
2020-07-26 23:00:00+00:00,747570.0
2020-07-27 23:00:00+00:00,766833.0
2020-07-28 23:00:00+00:00,765727.0
2020-07-29 23:00:00+00:00,782903.0
2020-07-30 23:00:00+00:00,773420.0
2020-07-31 23:00:00+00:00,692577.0
2020-08-01 23:00:00+00:00,637306.0
2020-08-02 23:00:00+00:00,723315.0
2020-08-03 23:00:00+00:00,716891.0
2020-08-04 23:00:00+00:00,718875.0
2020-08-05 23:00:00+00:00,737711.0
2020-08-06 23:00:00+00:00,739471.0
2020-08-07 23:00:00+00:00,675013.0
2020-08-08 23:00:00+00:00,627498.0
2020-08-09 23:00:00+00:00,706879.0
2020-08-10 23:00:00+00:00,703763.0
2020-08-11 23:00:00+00:00,689875.0
2020-08-12 23:00:00+00:00,670399.0
2020-08-13 23:00:00+00:00,668156.0
2020-08-14 23:00:00+00:00,586644.0
2020-08-15 23:00:00+00:00,571840.0
2020-08-16 23:00:00+00:00,657868.0
2020-08-17 23:00:00+00:00,667773.0
2020-08-18 23:00:00+00:00,683414.0
2020-08-19 23:00:00+00:00,692127.0
2020-08-20 23:00:00+00:00,683456.0
2020-08-21 23:00:00+00:00,635270.0
2020-08-22 23:00:00+00:00,584733.0
2020-08-23 23:00:00+00:00,681725.0
2020-08-24 23:00:00+00:00,713653.0
2020-08-25 23:00:00+00:00,732596.0
2020-08-26 23:00:00+00:00,751113.0
2020-08-27 23:00:00+00:00,726212.0
2020-08-28 23:00:00+00:00,633493.0
2020-08-29 23:00:00+00:00,562090.0
2020-08-30 23:00:00+00:00,646829.0
2020-08-31 23:00:00+00:00,672364.0
2020-09-01 23:00:00+00:00,679814.0
2020-09-02 23:00:00+00:00,684808.0
2020-09-03 23:00:00+00:00,694717.0
2020-09-04 23:00:00+00:00,617393.0
2020-09-05 23:00:00+00:00,569607.0
2020-09-06 23:00:00+00:00,667505.0
2020-09-07 23:00:00+00:00,666628.0
2020-09-08 23:00:00+00:00,676897.0
2020-09-09 23:00:00+00:00,690258.0
2020-09-10 23:00:00+00:00,673983.0
2020-09-11 23:00:00+00:00,619096.0
2020-09-12 23:00:00+00:00,585640.0
2020-09-13 23:00:00+00:00,696132.0
2020-09-14 23:00:00+00:00,703365.0
2020-09-15 23:00:00+00:00,702391.0
2020-09-16 23:00:00+00:00,712437.0
2020-09-17 23:00:00+00:00,685287.0
2020-09-18 23:00:00+00:00,598735.0
2020-09-19 23:00:00+00:00,544129.0
2020-09-20 23:00:00+00:00,646902.0
2020-09-21 23:00:00+00:00,663378.0
2020-09-22 23:00:00+00:00,674808.0
2020-09-23 23:00:00+00:00,663962.0
2020-09-24 23:00:00+00:00,650588.0
2020-09-25 23:00:00+00:00,577416.0
2020-09-26 23:00:00+00:00,530864.0
2020-09-27 23:00:00+00:00,631073.0
2020-09-28 23:00:00+00:00,655414.0
2020-09-29 23:00:00+00:00,661663.0
2020-09-30 23:00:00+00:00,665710.0
2020-10-01 23:00:00+00:00,652198.0
2020-10-02 23:00:00+00:00,583175.0
2020-10-03 23:00:00+00:00,535757.0
2020-10-04 23:00:00+00:00,637187.0
2020-10-05 23:00:00+00:00,662838.0
2020-10-06 23:00:00+00:00,668028.0
2020-10-07 23:00:00+00:00,666368.0
2020-10-08 23:00:00+00:00,654561.0
2020-10-09 23:00:00+00:00,583204.0
2020-10-10 23:00:00+00:00,528696.0
2020-10-11 23:00:00+00:00,529742.0
2020-10-12 23:00:00+00:00,648893.0
2020-10-13 23:00:00+00:00,660769.0
2020-10-14 23:00:00+00:00,670645.0
2020-10-15 23:00:00+00:00,666035.0
2020-10-16 23:00:00+00:00,596947.0
2020-10-17 23:00:00+00:00,555818.0
2020-10-18 23:00:00+00:00,651772.0
2020-10-19 23:00:00+00:00,676373.0
2020-10-20 23:00:00+00:00,675424.0
2020-10-21 23:00:00+00:00,672276.0
2020-10-22 23:00:00+00:00,665362.0
2020-10-23 23:00:00+00:00,593319.0
2020-10-24 23:00:00+00:00,567269.0
2020-10-26 00:00:00+00:00,660106.0
2020-10-27 00:00:00+00:00,675239.0
2020-10-28 00:00:00+00:00,678964.0
2020-10-29 00:00:00+00:00,675432.0
2020-10-30 00:00:00+00:00,671492.0
2020-10-31 00:00:00+00:00,598272.0
2020-11-01 00:00:00+00:00,558808.0
2020-11-02 00:00:00+00:00,617031.0
2020-11-03 00:00:00+00:00,671474.0
2020-11-04 00:00:00+00:00,689593.0
2020-11-05 00:00:00+00:00,686998.0
2020-11-06 00:00:00+00:00,684355.0
2020-11-07 00:00:00+00:00,601826.0
2020-11-08 00:00:00+00:00,554342.0
2020-11-09 00:00:00+00:00,647526.0
2020-11-10 00:00:00+00:00,685357.0
2020-11-11 00:00:00+00:00,689189.0
2020-11-12 00:00:00+00:00,691120.0
2020-11-13 00:00:00+00:00,681267.0
2020-11-14 00:00:00+00:00,613209.0
2020-11-15 00:00:00+00:00,561330.0
2020-11-16 00:00:00+00:00,660767.0
2020-11-17 00:00:00+00:00,680879.0
2020-11-18 00:00:00+00:00,686047.0
2020-11-19 00:00:00+00:00,686453.0
2020-11-20 00:00:00+00:00,685849.0
2020-11-21 00:00:00+00:00,620108.0
2020-11-22 00:00:00+00:00,575987.0
2020-11-23 00:00:00+00:00,695673.0
2020-11-24 00:00:00+00:00,721510.0
2020-11-25 00:00:00+00:00,725274.0
2020-11-26 00:00:00+00:00,723414.0
2020-11-27 00:00:00+00:00,709966.0
2020-11-28 00:00:00+00:00,643400.0
2020-11-29 00:00:00+00:00,592027.0
2020-11-30 00:00:00+00:00,703414.0
2020-12-01 00:00:00+00:00,730320.0
2020-12-02 00:00:00+00:00,736253.0
2020-12-03 00:00:00+00:00,739206.0
2020-12-04 00:00:00+00:00,752198.0
2020-12-05 00:00:00+00:00,687147.0
2020-12-06 00:00:00+00:00,640775.0
2020-12-07 00:00:00+00:00,637503.0
2020-12-08 00:00:00+00:00,629816.0
2020-12-09 00:00:00+00:00,745308.0
2020-12-10 00:00:00+00:00,748194.0
2020-12-11 00:00:00+00:00,733237.0
2020-12-12 00:00:00+00:00,658740.0
2020-12-13 00:00:00+00:00,603498.0
2020-12-14 00:00:00+00:00,718442.0
2020-12-15 00:00:00+00:00,743410.0
2020-12-16 00:00:00+00:00,743404.0
2020-12-17 00:00:00+00:00,746603.0
2020-12-18 00:00:00+00:00,741250.0
2020-12-19 00:00:00+00:00,667125.0
2020-12-20 00:00:00+00:00,623333.0
2020-12-21 00:00:00+00:00,724051.0
2020-12-22 00:00:00+00:00,724093.0
2020-12-23 00:00:00+00:00,699318.0
2020-12-24 00:00:00+00:00,620376.0
2020-12-25 00:00:00+00:00,544957.0
2020-12-26 00:00:00+00:00,600163.0
2020-12-27 00:00:00+00:00,607005.0
2020-12-28 00:00:00+00:00,697615.0
2020-12-29 00:00:00+00:00,702447.0
2020-12-30 00:00:00+00:00,695154.0
2020-12-31 00:00:00+00:00,641832.0
2021-01-01 00:00:00+00:00,567663.0
2021-01-02 00:00:00+00:00,631806.0
2021-01-03 00:00:00+00:00,648467.0
2021-01-04 00:00:00+00:00,758300.0
2021-01-05 00:00:00+00:00,734819.0
2021-01-06 00:00:00+00:00,647890.0
2021-01-07 00:00:00+00:00,812324.0
2021-01-08 00:00:00+00:00,821207.0
2021-01-09 00:00:00+00:00,748728.0
2021-01-10 00:00:00+00:00,688885.0
2021-01-11 00:00:00+00:00,813651.0
2021-01-12 00:00:00+00:00,842294.0
2021-01-13 00:00:00+00:00,839176.0
2021-01-14 00:00:00+00:00,839051.0
2021-01-15 00:00:00+00:00,825784.0
2021-01-16 00:00:00+00:00,737513.0
2021-01-17 00:00:00+00:00,679526.0
2021-01-18 00:00:00+00:00,796634.0
2021-01-19 00:00:00+00:00,827484.0
2021-01-20 00:00:00+00:00,815624.0
2021-01-21 00:00:00+00:00,791722.0
2021-01-22 00:00:00+00:00,781903.0
2021-01-23 00:00:00+00:00,695272.0
2021-01-24 00:00:00+00:00,643300.0
2021-01-25 00:00:00+00:00,743536.0
2021-01-26 00:00:00+00:00,762246.0
2021-01-27 00:00:00+00:00,746218.0
2021-01-28 00:00:00+00:00,727741.0
2021-01-29 00:00:00+00:00,715204.0
2021-01-30 00:00:00+00:00,637165.0
2021-01-31 00:00:00+00:00,604749.0
2021-02-01 00:00:00+00:00,702679.0
2021-02-02 00:00:00+00:00,723122.0
2021-02-03 00:00:00+00:00,716919.0
2021-02-04 00:00:00+00:00,714962.0
2021-02-05 00:00:00+00:00,710765.0
2021-02-06 00:00:00+00:00,648974.0
2021-02-07 00:00:00+00:00,613263.0
2021-02-08 00:00:00+00:00,714396.0
2021-02-09 00:00:00+00:00,740217.0
2021-02-10 00:00:00+00:00,743832.0
2021-02-11 00:00:00+00:00,732004.0
2021-02-12 00:00:00+00:00,717583.0
2021-02-13 00:00:00+00:00,649654.0
2021-02-14 00:00:00+00:00,600914.0
2021-02-15 00:00:00+00:00,719342.0
2021-02-16 00:00:00+00:00,731151.0
2021-02-17 00:00:00+00:00,720495.0
2021-02-18 00:00:00+00:00,720400.0
2021-02-19 00:00:00+00:00,717664.0
2021-02-20 00:00:00+00:00,640094.0
2021-02-21 00:00:00+00:00,600422.0
2021-02-22 00:00:00+00:00,716718.0
2021-02-23 00:00:00+00:00,735141.0
2021-02-24 00:00:00+00:00,722425.0
2021-02-25 00:00:00+00:00,719458.0
2021-02-26 00:00:00+00:00,709023.0
2021-02-27 00:00:00+00:00,639280.0
2021-02-28 00:00:00+00:00,600241.0
2021-03-01 00:00:00+00:00,691263.0
2021-03-02 00:00:00+00:00,707147.0
2021-03-03 00:00:00+00:00,711277.0
2021-03-04 00:00:00+00:00,710415.0
2021-03-05 00:00:00+00:00,707256.0
2021-03-06 00:00:00+00:00,636045.0
2021-03-07 00:00:00+00:00,593973.0
2021-03-08 00:00:00+00:00,703725.0
2021-03-09 00:00:00+00:00,728558.0
2021-03-10 00:00:00+00:00,731096.0
2021-03-11 00:00:00+00:00,712563.0
2021-03-12 00:00:00+00:00,703795.0
2021-03-13 00:00:00+00:00,624037.0
2021-03-14 00:00:00+00:00,585940.0
2021-03-15 00:00:00+00:00,684711.0
2021-03-16 00:00:00+00:00,706405.0
2021-03-17 00:00:00+00:00,695212.0
2021-03-18 00:00:00+00:00,703762.0
2021-03-19 00:00:00+00:00,666775.0
2021-03-20 00:00:00+00:00,633627.0
2021-03-21 00:00:00+00:00,605876.0
2021-03-22 00:00:00+00:00,709730.0
2021-03-23 00:00:00+00:00,715677.0
2021-03-24 00:00:00+00:00,706920.0
2021-03-25 00:00:00+00:00,694682.0
2021-03-26 00:00:00+00:00,684725.0
2021-03-27 00:00:00+00:00,607739.0
2021-03-28 00:00:00+00:00,548038.0
2021-03-28 23:00:00+00:00,654474.0
2021-03-29 23:00:00+00:00,668461.0
2021-03-30 23:00:00+00:00,651857.0
2021-03-31 23:00:00+00:00,575114.0
2021-04-01 23:00:00+00:00,530238.0
2021-04-02 23:00:00+00:00,546359.0
2021-04-03 23:00:00+00:00,533332.0
2021-04-04 23:00:00+00:00,580637.0
2021-04-05 23:00:00+00:00,648037.0
2021-04-06 23:00:00+00:00,662920.0
2021-04-07 23:00:00+00:00,674145.0
2021-04-08 23:00:00+00:00,676365.0
2021-04-09 23:00:00+00:00,599176.0
2021-04-10 23:00:00+00:00,557766.0
2021-04-11 23:00:00+00:00,658586.0
2021-04-12 23:00:00+00:00,677929.0
2021-04-13 23:00:00+00:00,681275.0
2021-04-14 23:00:00+00:00,685255.0
2021-04-15 23:00:00+00:00,679197.0
2021-04-16 23:00:00+00:00,614904.0
2021-04-17 23:00:00+00:00,565804.0
2021-04-18 23:00:00+00:00,659868.0
2021-04-19 23:00:00+00:00,677737.0
2021-04-20 23:00:00+00:00,673817.0
2021-04-21 23:00:00+00:00,673074.0
2021-04-22 23:00:00+00:00,662832.0
2021-04-23 23:00:00+00:00,589328.0
2021-04-24 23:00:00+00:00,545362.0
2021-04-25 23:00:00+00:00,652589.0
2021-04-26 23:00:00+00:00,671075.0
2021-04-27 23:00:00+00:00,673141.0
2021-04-28 23:00:00+00:00,669914.0
2021-04-29 23:00:00+00:00,662182.0
2021-04-30 23:00:00+00:00,544751.0
2021-05-01 23:00:00+00:00,546594.0
2021-05-02 23:00:00+00:00,625220.0
2021-05-03 23:00:00+00:00,656679.0
2021-05-04 23:00:00+00:00,657487.0
2021-05-05 23:00:00+00:00,658212.0
2021-05-06 23:00:00+00:00,652438.0
2021-05-07 23:00:00+00:00,585133.0
2021-05-08 23:00:00+00:00,540320.0
2021-05-09 23:00:00+00:00,638958.0
2021-05-10 23:00:00+00:00,652173.0
2021-05-11 23:00:00+00:00,654898.0
2021-05-12 23:00:00+00:00,654294.0
2021-05-13 23:00:00+00:00,647099.0
2021-05-14 23:00:00+00:00,580974.0
2021-05-15 23:00:00+00:00,551426.0
2021-05-16 23:00:00+00:00,645780.0
2021-05-17 23:00:00+00:00,659190.0
2021-05-18 23:00:00+00:00,660890.0
2021-05-19 23:00:00+00:00,664211.0
2021-05-20 23:00:00+00:00,662973.0
2021-05-21 23:00:00+00:00,581744.0
2021-05-22 23:00:00+00:00,541348.0
2021-05-23 23:00:00+00:00,629713.0
2021-05-24 23:00:00+00:00,651169.0
2021-05-25 23:00:00+00:00,658778.0
2021-05-26 23:00:00+00:00,662357.0
2021-05-27 23:00:00+00:00,662065.0
2021-05-28 23:00:00+00:00,592394.0
2021-05-29 23:00:00+00:00,556356.0
2021-05-30 23:00:00+00:00,663389.0
2021-05-31 23:00:00+00:00,660818.0
2021-06-01 23:00:00+00:00,668891.0
2021-06-02 23:00:00+00:00,659231.0
2021-06-03 23:00:00+00:00,659112.0
2021-06-04 23:00:00+00:00,586896.0
2021-06-05 23:00:00+00:00,546608.0
2021-06-06 23:00:00+00:00,654592.0
2021-06-07 23:00:00+00:00,686313.0
2021-06-08 23:00:00+00:00,699634.0
2021-06-09 23:00:00+00:00,703828.0
2021-06-10 23:00:00+00:00,701038.0
2021-06-11 23:00:00+00:00,626405.0
2021-06-12 23:00:00+00:00,590315.0
2021-06-13 23:00:00+00:00,707542.0
2021-06-14 23:00:00+00:00,725128.0
2021-06-15 23:00:00+00:00,726099.0
2021-06-16 23:00:00+00:00,700415.0
2021-06-17 23:00:00+00:00,676684.0
2021-06-18 23:00:00+00:00,603040.0
2021-06-19 23:00:00+00:00,558895.0
2021-06-20 23:00:00+00:00,664833.0
2021-06-21 23:00:00+00:00,676179.0
2021-06-22 23:00:00+00:00,665732.0
2021-06-23 23:00:00+00:00,634502.0
2021-06-24 23:00:00+00:00,661038.0
2021-06-25 23:00:00+00:00,616924.0
2021-06-26 23:00:00+00:00,571062.0
2021-06-27 23:00:00+00:00,674173.0
2021-06-28 23:00:00+00:00,688159.0
2021-06-29 23:00:00+00:00,694857.0
2021-06-30 23:00:00+00:00,709014.0
2021-07-01 23:00:00+00:00,712227.0
2021-07-02 23:00:00+00:00,646878.0
2021-07-03 23:00:00+00:00,600674.0
2021-07-04 23:00:00+00:00,729401.0
2021-07-05 23:00:00+00:00,738460.0
2021-07-06 23:00:00+00:00,718144.0
2021-07-07 23:00:00+00:00,705681.0
2021-07-08 23:00:00+00:00,707272.0
2021-07-09 23:00:00+00:00,654204.0
2021-07-10 23:00:00+00:00,620865.0
2021-07-11 23:00:00+00:00,721106.0
2021-07-12 23:00:00+00:00,713289.0
2021-07-13 23:00:00+00:00,704460.0
2021-07-14 23:00:00+00:00,708842.0
2021-07-15 23:00:00+00:00,714217.0
2021-07-16 23:00:00+00:00,659378.0
2021-07-17 23:00:00+00:00,622791.0
2021-07-18 23:00:00+00:00,739441.0
2021-07-19 23:00:00+00:00,750742.0
2021-07-20 23:00:00+00:00,756477.0
2021-07-21 23:00:00+00:00,766560.0
2021-07-22 23:00:00+00:00,760059.0
2021-07-23 23:00:00+00:00,676810.0
2021-07-24 23:00:00+00:00,619837.0
2021-07-25 23:00:00+00:00,716314.0
2021-07-26 23:00:00+00:00,733867.0
2021-07-27 23:00:00+00:00,731477.0
2021-07-28 23:00:00+00:00,737926.0
2021-07-29 23:00:00+00:00,737686.0
2021-07-30 23:00:00+00:00,651398.0
2021-07-31 23:00:00+00:00,583039.0
2021-08-01 23:00:00+00:00,668132.0
2021-08-02 23:00:00+00:00,680071.0
2021-08-03 23:00:00+00:00,696665.0
2021-08-04 23:00:00+00:00,701104.0
2021-08-05 23:00:00+00:00,697563.0
2021-08-06 23:00:00+00:00,626942.0
2021-08-07 23:00:00+00:00,570032.0
2021-08-08 23:00:00+00:00,652797.0
2021-08-09 23:00:00+00:00,675926.0
2021-08-10 23:00:00+00:00,691264.0
2021-08-11 23:00:00+00:00,708883.0
2021-08-12 23:00:00+00:00,718870.0
2021-08-13 23:00:00+00:00,679159.0
2021-08-14 23:00:00+00:00,634975.0
2021-08-15 23:00:00+00:00,680203.0
2021-08-16 23:00:00+00:00,706018.0
2021-08-17 23:00:00+00:00,688176.0
2021-08-18 23:00:00+00:00,689349.0
2021-08-19 23:00:00+00:00,695499.0
2021-08-20 23:00:00+00:00,644365.0
2021-08-21 23:00:00+00:00,595856.0
2021-08-22 23:00:00+00:00,707869.0
2021-08-23 23:00:00+00:00,712599.0
2021-08-24 23:00:00+00:00,709774.0
2021-08-25 23:00:00+00:00,707436.0
2021-08-26 23:00:00+00:00,717156.0
2021-08-27 23:00:00+00:00,650913.0
2021-08-28 23:00:00+00:00,596746.0
2021-08-29 23:00:00+00:00,695025.0
2021-08-30 23:00:00+00:00,706580.0
2021-08-31 23:00:00+00:00,710225.0
2021-09-01 23:00:00+00:00,698787.0
2021-09-02 23:00:00+00:00,691309.0
2021-09-03 23:00:00+00:00,627170.0
2021-09-04 23:00:00+00:00,590300.0
2021-09-05 23:00:00+00:00,714940.0
2021-09-06 23:00:00+00:00,732694.0
2021-09-07 23:00:00+00:00,715337.0
2021-09-08 23:00:00+00:00,712959.0
2021-09-09 23:00:00+00:00,704540.0
2021-09-10 23:00:00+00:00,626781.0
2021-09-11 23:00:00+00:00,582647.0
2021-09-12 23:00:00+00:00,697932.0
2021-09-13 23:00:00+00:00,699060.0
2021-09-14 23:00:00+00:00,689191.0
2021-09-15 23:00:00+00:00,686008.0
2021-09-16 23:00:00+00:00,680524.0
2021-09-17 23:00:00+00:00,606480.0
2021-09-18 23:00:00+00:00,548686.0
2021-09-19 23:00:00+00:00,637693.0
2021-09-20 23:00:00+00:00,655455.0
2021-09-21 23:00:00+00:00,658337.0
2021-09-22 23:00:00+00:00,664599.0
2021-09-23 23:00:00+00:00,655942.0
2021-09-24 23:00:00+00:00,598059.0
2021-09-25 23:00:00+00:00,550188.0
2021-09-26 23:00:00+00:00,644657.0
2021-09-27 23:00:00+00:00,661191.0
2021-09-28 23:00:00+00:00,665284.0
2021-09-29 23:00:00+00:00,667222.0
2021-09-30 23:00:00+00:00,654169.0
2021-10-01 23:00:00+00:00,599004.0
2021-10-02 23:00:00+00:00,545853.0
2021-10-03 23:00:00+00:00,633765.0
2021-10-04 23:00:00+00:00,642417.0
2021-10-05 23:00:00+00:00,649034.0
2021-10-06 23:00:00+00:00,659146.0
2021-10-07 23:00:00+00:00,648595.0
2021-10-08 23:00:00+00:00,574941.0
2021-10-09 23:00:00+00:00,536960.0
2021-10-10 23:00:00+00:00,580184.0
2021-10-11 23:00:00+00:00,538566.0
2021-10-12 23:00:00+00:00,632373.0
2021-10-13 23:00:00+00:00,648689.0
2021-10-14 23:00:00+00:00,645027.0
2021-10-15 23:00:00+00:00,580202.0
2021-10-16 23:00:00+00:00,535191.0
2021-10-17 23:00:00+00:00,635628.0
2021-10-18 23:00:00+00:00,664862.0
2021-10-19 23:00:00+00:00,673017.0
2021-10-20 23:00:00+00:00,653566.0
2021-10-21 23:00:00+00:00,645062.0
2021-10-22 23:00:00+00:00,580338.0
2021-10-23 23:00:00+00:00,536000.0
2021-10-24 23:00:00+00:00,632979.0
2021-10-25 23:00:00+00:00,652815.0
2021-10-26 23:00:00+00:00,657232.0
2021-10-27 23:00:00+00:00,656014.0
2021-10-28 23:00:00+00:00,652381.0
2021-10-29 23:00:00+00:00,591371.0
2021-10-30 23:00:00+00:00,570926.0
2021-11-01 00:00:00+00:00,544772.0
2021-11-02 00:00:00+00:00,652433.0
2021-11-03 00:00:00+00:00,666711.0
2021-11-04 00:00:00+00:00,680429.0
2021-11-05 00:00:00+00:00,686282.0
2021-11-06 00:00:00+00:00,619635.0
2021-11-07 00:00:00+00:00,574411.0
2021-11-08 00:00:00+00:00,675675.0
2021-11-09 00:00:00+00:00,681964.0
2021-11-10 00:00:00+00:00,700009.0
2021-11-11 00:00:00+00:00,696296.0
2021-11-12 00:00:00+00:00,693562.0
2021-11-13 00:00:00+00:00,625856.0
2021-11-14 00:00:00+00:00,579091.0
2021-11-15 00:00:00+00:00,680050.0
2021-11-16 00:00:00+00:00,710153.0
2021-11-17 00:00:00+00:00,715191.0
2021-11-18 00:00:00+00:00,716706.0
2021-11-19 00:00:00+00:00,714198.0
2021-11-20 00:00:00+00:00,648236.0
2021-11-21 00:00:00+00:00,593914.0
2021-11-22 00:00:00+00:00,708144.0
2021-11-23 00:00:00+00:00,737143.0
2021-11-24 00:00:00+00:00,744326.0
2021-11-25 00:00:00+00:00,753820.0
2021-11-26 00:00:00+00:00,745878.0
2021-11-27 00:00:00+00:00,680963.0
2021-11-28 00:00:00+00:00,636130.0
2021-11-29 00:00:00+00:00,739359.0
2021-11-30 00:00:00+00:00,750375.0
2021-12-01 00:00:00+00:00,760309.0
2021-12-02 00:00:00+00:00,757560.0
2021-12-03 00:00:00+00:00,754522.0
2021-12-04 00:00:00+00:00,678709.0
2021-12-05 00:00:00+00:00,642744.0
2021-12-06 00:00:00+00:00,616839.0
2021-12-07 00:00:00+00:00,679960.0
2021-12-08 00:00:00+00:00,634759.0
2021-12-09 00:00:00+00:00,742268.0
2021-12-10 00:00:00+00:00,739465.0
2021-12-11 00:00:00+00:00,658454.0
2021-12-12 00:00:00+00:00,611555.0
2021-12-13 00:00:00+00:00,723446.0
2021-12-14 00:00:00+00:00,748612.0
2021-12-15 00:00:00+00:00,759698.0
2021-12-16 00:00:00+00:00,756664.0
2021-12-17 00:00:00+00:00,750844.0
2021-12-18 00:00:00+00:00,683407.0
2021-12-19 00:00:00+00:00,631684.0
2021-12-20 00:00:00+00:00,731231.0
2021-12-21 00:00:00+00:00,744722.0
2021-12-22 00:00:00+00:00,735777.0
2021-12-23 00:00:00+00:00,706529.0
2021-12-24 00:00:00+00:00,598353.0
2021-12-25 00:00:00+00:00,514291.0
2021-12-26 00:00:00+00:00,565728.0
2021-12-27 00:00:00+00:00,637904.0
2021-12-28 00:00:00+00:00,632190.0
2021-12-29 00:00:00+00:00,630840.0
2021-12-30 00:00:00+00:00,617470.0
2021-12-31 00:00:00+00:00,570939.0
2022-01-01 00:00:00+00:00,504043.0
2022-01-02 00:00:00+00:00,535312.0
2022-01-03 00:00:00+00:00,662220.0
2022-01-04 00:00:00+00:00,675812.0
2022-01-05 00:00:00+00:00,668833.0
